First Name,Last Name,Email
Shelby,Terrell,elijah57@example.net
Phillip,Summers,bethany14@example.com
Kristine,Travis,bthompson@example.com
Yesenia,Martinez,kaitlinkaiser@example.com
Lori,Todd,buchananmanuel@example.net
Erin,Day,tconner@example.org
Katherine,Buck,conniecowan@example.com
Ricardo,Hinton,wyattbishop@example.com
Dave,Farrell,nmccann@example.net
Isaiah,Downs,virginiaterrell@example.org
Sheila,Ross,huangcathy@example.com
Stacy,Newton,rayleroy@example.org
Mandy,Blake,jefferynoble@example.org
Bridget,Nash,mercedes44@example.com
Crystal,Farmer,pmiranda@example.org
Thomas,Knight,braunpriscilla@example.net
Maurice,Rangel,sheenabanks@example.com
Frank,Meadows,gbrewer@example.org
Alvin,Paul,gilbertdonaldson@example.com
Jared,Mitchell,jcortez@example.com
Jacqueline,Norton,carias@example.net
Colleen,Hatfield,fknox@example.org
Randy,Barnes,huangbill@example.org
Janice,Rhodes,juarezdominique@example.net
Alfred,Mcneil,cassandramorris@example.com
Sean,Levine,sallymiller@example.net
Louis,Payne,bsullivan@example.net
Brittney,Vega,ayalajose@example.net
Judy,Buckley,irosales@example.net
Norman,Weber,mconrad@example.com
Isaiah,Camacho,jimblake@example.org
Jacqueline,Gallagher,nsampson@example.net
Bonnie,Andrews,caitlin24@example.net
Brandon,Schmidt,mconley@example.net
Jackson,Sparks,reynoldsdarryl@example.net
Melody,Cook,jeannovak@example.org
Leonard,Hurst,clinton78@example.org
Gene,Rich,luisdeleon@example.org
Cynthia,Wiggins,rosariodave@example.org
Tanya,Mckinney,vickihouston@example.com
Matthew,Stone,evelyn31@example.org
Kirk,Walsh,stephenfuller@example.org
Willie,Vang,haleymathews@example.net
Miguel,Hill,tyrone56@example.org
Darren,Andrews,lhernandez@example.com
Haley,Pugh,molly03@example.org
Danielle,Estrada,jvang@example.org
Becky,Brady,erikmueller@example.org
Caitlyn,Frey,rivasdominique@example.org
Joshua,Sweeney,daisymcgee@example.net
Heidi,Escobar,staffordtravis@example.net
Brian,Oconnell,saralong@example.net
Beverly,Esparza,iphelps@example.net
Nathaniel,Rivas,roberto29@example.com
Debra,Payne,yolanda07@example.org
Mackenzie,Rocha,abbottyvette@example.net
Courtney,Watkins,ochang@example.org
Fred,Olsen,amyanderson@example.com
Ryan,Nelson,qnorman@example.org
Grace,Phelps,clarkeangela@example.net
Shari,Daugherty,kalvarado@example.org
Kelli,Garner,jodyvincent@example.org
Jackie,Bennett,hutchinsonkirk@example.com
Leslie,Conway,floreschristina@example.org
Harold,Barnett,nathan65@example.org
Larry,Harper,maria32@example.org
Mike,Ward,imccullough@example.com
Brittney,Rubio,corey92@example.com
Frank,Pineda,daltoncalvin@example.net
Sandra,Wu,ubanks@example.com
Ryan,Benton,lopezdebbie@example.org
Tamara,Hull,meagan39@example.net
Jean,Ritter,kristina76@example.com
Veronica,Briggs,weissbridget@example.com
Kim,Andrews,wpetersen@example.org
Tina,Cunningham,wongmary@example.org
Jonathon,Atkinson,gailfrench@example.net
Jermaine,Reid,vpaul@example.com
Regina,Stevens,xpoole@example.net
Terrence,Huff,cassandra80@example.org
Tyler,Foley,johnathan72@example.org
Andrew,Waters,nhall@example.net
Reginald,Stephenson,erikaball@example.net
Douglas,Reese,nixonvanessa@example.net
Helen,Williamson,melvin08@example.net
Mario,Vaughn,oblake@example.com
Chelsea,Dickson,johnnyhendricks@example.net
Dustin,Bailey,pbarron@example.net
Harry,Medina,olsenmalik@example.net
Kathy,Haney,teresa37@example.com
Alison,Nixon,zmiles@example.net
Jamie,Hardy,sheenadouglas@example.com
Melody,Cox,evan90@example.org
Xavier,Cole,nicolas90@example.org
Dillon,Guzman,angelanavarro@example.net
Dennis,Barnes,bmartin@example.org
Steve,Patterson,latasha46@example.net
Wesley,Bray,regina11@example.org
Summer,Oconnell,alexiscantrell@example.org
Mariah,Bernard,pcopeland@example.org
